alphaA,xA,alphaB,xB,sym_kl_rate,floorA,floorB
0.6,0.05,0.6,0.1,0.0052,1.0578,1.0798
0.6,0.05,0.6,0.15,0.0122,1.0578,1.0886
0.6,0.05,0.6,0.25,0.0251,1.0578,1.0971
0.6,0.05,0.6,0.35,0.0359,1.0578,1.0985
0.6,0.05,0.6,0.5,0.0550,1.0578,1.0906
0.6,0.05,0.7,0.05,0.0132,1.0578,0.9882
0.6,0.05,0.7,0.1,0.0075,1.0578,1.0393
0.6,0.05,0.7,0.15,0.0093,1.0578,1.0669
0.6,0.05,0.7,0.25,0.0202,1.0578,1.0931
0.6,0.05,0.7,0.35,0.0380,1.0578,1.0984
0.6,0.05,0.7,0.5,0.0884,1.0578,1.0677
0.6,0.05,0.8,0.05,0.0617,1.0578,0.8724
0.6,0.05,0.8,0.1,0.0345,1.0578,0.9690
0.6,0.05,0.8,0.15,0.0227,1.0578,1.0225
0.6,0.05,0.8,0.25,0.0174,1.0578,1.0838
0.6,0.05,0.8,0.35,0.0403,1.0578,1.0980
0.6,0.05,0.8,0.5,0.1517,1.0578,1.0203
0.6,0.05,0.85,0.05,0.1049,1.0578,0.7962
0.6,0.05,0.85,0.1,0.0630,1.0578,0.9139
0.6,0.05,0.85,0.15,0.0383,1.0578,0.9913
0.6,0.05,0.85,0.25,0.0183,1.0578,1.0766
0.6,0.05,0.85,0.35,0.0424,1.0578,1.0978
0.6,0.05,0.85,0.5,0.2052,1.0578,0.9796
0.6,0.05,0.9,0.05,0.1706,1.0578,0.6930
0.6,0.05,0.9,0.1,0.1054,1.0578,0.8479
0.6,0.05,0.9,0.15,0.0641,1.0578,0.9454
0.6,0.05,0.9,0.25,0.0206,1.0578,1.0661
0.6,0.05,0.9,0.35,0.0438,1.0578,1.0973
0.6,0.05,0.9,0.5,0.2872,1.0578,0.9182
0.6,0.05,0.95,0.05,0.2739,1.0578,0.5663
0.6,0.05,0.95,0.1,0.1720,1.0578,0.7643
0.6,0.05,0.95,0.15,0.1034,1.0578,0.8914
0.6,0.05,0.95,0.25,0.0264,1.0578,1.0536
0.6,0.05,0.95,0.35,0.0463,1.0578,1.0968
0.6,0.05,0.95,0.5,0.4214,1.0578,0.8361
0.6,0.1,0.6,0.15,0.0017,1.0798,1.0886
0.6,0.1,0.6,0.25,0.0095,1.0798,1.0971
0.6,0.1,0.6,0.35,0.0184,1.0798,1.0985
0.6,0.1,0.6,0.5,0.0366,1.0798,1.0906
0.6,0.1,0.7,0.05,0.0292,1.0798,0.9882
0.6,0.1,0.7,0.1,0.0089,1.0798,1.0393
0.6,0.1,0.7,0.15,0.0029,1.0798,1.0669
0.6,0.1,0.7,0.25,0.0058,1.0798,1.0931
0.6,0.1,0.7,0.35,0.0202,1.0798,1.0984
0.6,0.1,0.7,0.5,0.0690,1.0798,1.0677
0.6,0.1,0.8,0.05,0.0870,1.0798,0.8724
0.6,0.1,0.8,0.1,0.0416,1.0798,0.9690
0.6,0.1,0.8,0.15,0.0200,1.0798,1.0225
0.6,0.1,0.8,0.25,0.0047,1.0798,1.0838
0.6,0.1,0.8,0.35,0.0222,1.0798,1.0980
0.6,0.1,0.8,0.5,0.1309,1.0798,1.0203
0.6,0.1,0.85,0.05,0.1340,1.0798,0.7962
0.6,0.1,0.85,0.1,0.0727,1.0798,0.9139
0.6,0.1,0.85,0.15,0.0372,1.0798,0.9913
0.6,0.1,0.85,0.25,0.0062,1.0798,1.0766
0.6,0.1,0.85,0.35,0.0240,1.0798,1.0978
0.6,0.1,0.85,0.5,0.1834,1.0798,0.9796
0.6,0.1,0.9,0.05,0.2039,1.0798,0.6930
0.6,0.1,0.9,0.1,0.1174,1.0798,0.8479
0.6,0.1,0.9,0.15,0.0648,1.0798,0.9454
0.6,0.1,0.9,0.25,0.0094,1.0798,1.0661
0.6,0.1,0.9,0.35,0.0253,1.0798,1.0973
0.6,0.1,0.9,0.5,0.2639,1.0798,0.9182
0.6,0.1,0.95,0.05,0.3103,1.0798,0.5663
0.6,0.1,0.95,0.1,0.1858,1.0798,0.7643
0.6,0.1,0.95,0.15,0.1054,1.0798,0.8914
0.6,0.1,0.95,0.25,0.0156,1.0798,1.0536
0.6,0.1,0.95,0.35,0.0276,1.0798,1.0968
0.6,0.1,0.95,0.5,0.3956,1.0798,0.8361
0.6,0.15,0.6,0.25,0.0035,1.0886,1.0971
0.6,0.15,0.6,0.35,0.0105,1.0886,1.0985
0.6,0.15,0.6,0.5,0.0273,1.0886,1.0906
0.6,0.15,0.7,0.05,0.0457,1.0886,0.9882
0.6,0.15,0.7,0.1,0.0171,1.0886,1.0393
0.6,0.15,0.7,0.15,0.0054,1.0886,1.0669
0.6,0.15,0.7,0.25,0.0012,1.0886,1.0931
0.6,0.15,0.7,0.35,0.0119,1.0886,1.0984
0.6,0.15,0.7,0.5,0.0584,1.0886,1.0677
0.6,0.15,0.8,0.05,0.1138,1.0886,0.8724
0.6,0.15,0.8,0.1,0.0564,1.0886,0.9690
0.6,0.15,0.8,0.15,0.0270,1.0886,1.0225
0.6,0.15,0.8,0.25,0.0019,1.0886,1.0838
0.6,0.15,0.8,0.35,0.0136,1.0886,1.0980
0.6,0.15,0.8,0.5,0.1185,1.0886,1.0203
0.6,0.15,0.85,0.05,0.1660,1.0886,0.7962
0.6,0.15,0.85,0.1,0.0911,1.0886,0.9139
0.6,0.15,0.85,0.15,0.0465,1.0886,0.9913
0.6,0.15,0.85,0.25,0.0044,1.0886,1.0766
0.6,0.15,0.85,0.35,0.0151,1.0886,1.0978
0.6,0.15,0.85,0.5,0.1698,1.0886,0.9796
0.6,0.15,0.9,0.05,0.2416,1.0886,0.6930
0.6,0.15,0.9,0.1,0.1392,1.0886,0.8479
0.6,0.15,0.9,0.15,0.0766,1.0886,0.9454
0.6,0.15,0.9,0.25,0.0087,1.0886,1.0661
0.6,0.15,0.9,0.35,0.0163,1.0886,1.0973
0.6,0.15,0.9,0.5,0.2487,1.0886,0.9182
0.6,0.15,0.95,0.05,0.3534,1.0886,0.5663
0.6,0.15,0.95,0.1,0.2110,1.0886,0.7643
0.6,0.15,0.95,0.15,0.1195,1.0886,0.8914
0.6,0.15,0.95,0.25,0.0156,1.0886,1.0536
0.6,0.15,0.95,0.35,0.0183,1.0886,1.0968
0.6,0.15,0.95,0.5,0.3780,1.0886,0.8361
0.6,0.25,0.6,0.35,0.0023,1.0971,1.0985
0.6,0.25,0.6,0.5,0.0149,1.0971,1.0906
0.6,0.25,0.7,0.05,0.0740,1.0971,0.9882
0.6,0.25,0.7,0.1,0.0368,1.0971,1.0393
0.6,0.25,0.7,0.15,0.0174,1.0971,1.0669
0.6,0.25,0.7,0.25,0.0012,1.0971,1.0931
0.6,0.25,0.7,0.35,0.0030,1.0971,1.0984
0.6,0.25,0.7,0.5,0.0414,1.0971,1.0677
0.6,0.25,0.8,0.05,0.1613,1.0971,0.8724
0.6,0.25,0.8,0.1,0.0899,1.0971,0.9690
0.6,0.25,0.8,0.15,0.0496,1.0971,1.0225
0.6,0.25,0.8,0.25,0.0063,1.0971,1.0838
0.6,0.25,0.8,0.35,0.0040,1.0971,1.0980
0.6,0.25,0.8,0.5,0.0958,1.0971,1.0203
0.6,0.25,0.85,0.05,0.2243,1.0971,0.7962
0.6,0.25,0.85,0.1,0.1331,1.0971,0.9139
0.6,0.25,0.85,0.15,0.0747,1.0971,0.9913
0.6,0.25,0.85,0.25,0.0112,1.0971,1.0766
0.6,0.25,0.85,0.35,0.0047,1.0971,1.0978
0.6,0.25,0.85,0.5,0.1432,1.0971,0.9796
0.6,0.25,0.9,0.05,0.3126,1.0971,0.6930
0.6,0.25,0.9,0.1,0.1900,1.0971,0.8479
0.6,0.25,0.9,0.15,0.1117,1.0971,0.9454
0.6,0.25,0.9,0.25,0.0184,1.0971,1.0661
0.6,0.25,0.9,0.35,0.0056,1.0971,1.0973
0.6,0.25,0.9,0.5,0.2171,1.0971,0.9182
0.6,0.25,0.95,0.05,0.4391,1.0971,0.5663
0.6,0.25,0.95,0.1,0.2717,1.0971,0.7643
0.6,0.25,0.95,0.15,0.1615,1.0971,0.8914
0.6,0.25,0.95,0.25,0.0280,1.0971,1.0536
0.6,0.25,0.95,0.35,0.0068,1.0971,1.0968
0.6,0.25,0.95,0.5,0.3394,1.0971,0.8361
0.6,0.35,0.6,0.5,0.0065,1.0985,1.0906
0.6,0.35,0.7,0.05,0.0947,1.0985,0.9882
0.6,0.35,0.7,0.1,0.0543,1.0985,1.0393
0.6,0.35,0.7,0.15,0.0312,1.0985,1.0669
0.6,0.35,0.7,0.25,0.0068,1.0985,1.0931
0.6,0.35,0.7,0.35,0.0000,1.0985,1.0984
0.6,0.35,0.7,0.5,0.0266,1.0985,1.0677
0.6,0.35,0.8,0.05,0.1953,1.0985,0.8724
0.6,0.35,0.8,0.1,0.1185,1.0985,0.9690
0.6,0.35,0.8,0.15,0.0725,1.0985,1.0225
0.6,0.35,0.8,0.25,0.0163,1.0985,1.0838
0.6,0.35,0.8,0.35,0.0002,1.0985,1.0980
0.6,0.35,0.8,0.5,0.0728,1.0985,1.0203
0.6,0.35,0.85,0.05,0.2663,1.0985,0.7962
0.6,0.35,0.85,0.1,0.1687,1.0985,0.9139
0.6,0.35,0.85,0.15,0.1030,1.0985,0.9913
0.6,0.35,0.85,0.25,0.0237,1.0985,1.0766
0.6,0.35,0.85,0.35,0.0004,1.0985,1.0978
0.6,0.35,0.85,0.5,0.1149,1.0985,0.9796
0.6,0.35,0.9,0.05,0.3648,1.0985,0.6930
0.6,0.35,0.9,0.1,0.2338,1.0985,0.8479
0.6,0.35,0.9,0.15,0.1466,1.0985,0.9454
0.6,0.35,0.9,0.25,0.0340,1.0985,1.0661
0.6,0.35,0.9,0.35,0.0007,1.0985,1.0973
0.6,0.35,0.9,0.5,0.1819,1.0985,0.9182
0.6,0.35,0.95,0.05,0.5044,1.0985,0.5663
0.6,0.35,0.95,0.1,0.3255,1.0985,0.7643
0.6,0.35,0.95,0.15,0.2039,1.0985,0.8914
0.6,0.35,0.95,0.25,0.0467,1.0985,1.0536
0.6,0.35,0.95,0.35,0.0012,1.0985,1.0968
0.6,0.35,0.95,0.5,0.2947,1.0985,0.8361
0.6,0.5,0.7,0.05,0.1224,1.0906,0.9882
0.6,0.5,0.7,0.1,0.0807,1.0906,1.0393
0.6,0.5,0.7,0.15,0.0553,1.0906,1.0669
0.6,0.5,0.7,0.25,0.0232,1.0906,1.0931
0.6,0.5,0.7,0.35,0.0059,1.0906,1.0984
0.6,0.5,0.7,0.5,0.0068,1.0906,1.0677
0.6,0.5,0.8,0.05,0.2351,1.0906,0.8724
0.6,0.5,0.8,0.1,0.1560,1.0906,0.9690
0.6,0.5,0.8,0.15,0.1065,1.0906,1.0225
0.6,0.5,0.8,0.25,0.0385,1.0906,1.0838
0.6,0.5,0.8,0.35,0.0046,1.0906,1.0980
0.6,0.5,0.8,0.5,0.0359,1.0906,1.0203
0.6,0.5,0.85,0.05,0.3135,1.0906,0.7962
0.6,0.5,0.85,0.1,0.2135,1.0906,0.9139
0.6,0.5,0.85,0.15,0.1430,1.0906,0.9913
0.6,0.5,0.85,0.25,0.0492,1.0906,1.0766
0.6,0.5,0.85,0.35,0.0040,1.0906,1.0978
0.6,0.5,0.85,0.5,0.0669,1.0906,0.9796
0.6,0.5,0.9,0.05,0.4218,1.0906,0.6930
0.6,0.5,0.9,0.1,0.2873,1.0906,0.8479
0.6,0.5,0.9,0.15,0.1942,1.0906,0.9454
0.6,0.5,0.9,0.25,0.0634,1.0906,1.0661
0.6,0.5,0.9,0.35,0.0035,1.0906,1.0973
0.6,0.5,0.9,0.5,0.1199,1.0906,0.9182
0.6,0.5,0.95,0.05,0.5753,1.0906,0.5663
0.6,0.5,0.95,0.1,0.3907,1.0906,0.7643
0.6,0.5,0.95,0.15,0.2605,1.0906,0.8914
0.6,0.5,0.95,0.25,0.0804,1.0906,1.0536
0.6,0.5,0.95,0.35,0.0031,1.0906,1.0968
0.6,0.5,0.95,0.5,0.2138,1.0906,0.8361
0.7,0.05,0.7,0.1,0.0101,0.9882,1.0393
0.7,0.05,0.7,0.15,0.0266,0.9882,1.0669
0.7,0.05,0.7,0.25,0.0620,0.9882,1.0931
0.7,0.05,0.7,0.35,0.0982,0.9882,1.0984
0.7,0.05,0.7,0.5,0.1651,0.9882,1.0677
0.7,0.05,0.8,0.05,0.0182,0.9882,0.8724
0.7,0.05,0.8,0.1,0.0136,0.9882,0.9690
0.7,0.05,0.8,0.15,0.0212,0.9882,1.0225
0.7,0.05,0.8,0.25,0.0504,0.9882,1.0838
0.7,0.05,0.8,0.35,0.1021,0.9882,1.0980
0.7,0.05,0.8,0.5,0.2405,0.9882,1.0203
0.7,0.05,0.85,0.05,0.0447,0.9882,0.7962
0.7,0.05,0.85,0.1,0.0284,0.9882,0.9139
0.7,0.05,0.85,0.15,0.0268,0.9882,0.9913
0.7,0.05,0.85,0.25,0.0466,0.9882,1.0766
0.7,0.05,0.85,0.35,0.1055,0.9882,1.0978
0.7,0.05,0.85,0.5,0.3022,0.9882,0.9796
0.7,0.05,0.9,0.05,0.0914,0.9882,0.6930
0.7,0.05,0.9,0.1,0.0566,0.9882,0.8479
0.7,0.05,0.9,0.15,0.0411,0.9882,0.9454
0.7,0.05,0.9,0.25,0.0434,0.9882,1.0661
0.7,0.05,0.9,0.35,0.1078,0.9882,1.0973
0.7,0.05,0.9,0.5,0.3948,0.9882,0.9182
0.7,0.05,0.95,0.05,0.1727,0.9882,0.5663
0.7,0.05,0.95,0.1,0.1070,0.9882,0.7643
0.7,0.05,0.95,0.15,0.0685,0.9882,0.8914
0.7,0.05,0.95,0.25,0.0440,0.9882,1.0536
0.7,0.05,0.95,0.35,0.1118,0.9882,1.0968
0.7,0.05,0.95,0.5,0.5442,0.9882,0.8361
0.7,0.1,0.7,0.15,0.0045,1.0393,1.0669
0.7,0.1,0.7,0.25,0.0268,1.0393,1.0931
0.7,0.1,0.7,0.35,0.0572,1.0393,1.0984
0.7,0.1,0.7,0.5,0.1220,1.0393,1.0677
0.7,0.1,0.8,0.05,0.0421,1.0393,0.8724
0.7,0.1,0.8,0.1,0.0121,1.0393,0.9690
0.7,0.1,0.8,0.15,0.0051,1.0393,1.0225
0.7,0.1,0.8,0.25,0.0179,1.0393,1.0838
0.7,0.1,0.8,0.35,0.0607,1.0393,1.0980
0.7,0.1,0.8,0.5,0.1953,1.0393,1.0203
0.7,0.1,0.85,0.05,0.0745,1.0393,0.7962
0.7,0.1,0.85,0.1,0.0311,1.0393,0.9139
0.7,0.1,0.85,0.15,0.0133,1.0393,0.9913
0.7,0.1,0.85,0.25,0.0152,1.0393,1.0766
0.7,0.1,0.85,0.35,0.0635,1.0393,1.0978
0.7,0.1,0.85,0.5,0.2554,1.0393,0.9796
0.7,0.1,0.9,0.05,0.1271,1.0393,0.6930
0.7,0.1,0.9,0.1,0.0626,1.0393,0.8479
0.7,0.1,0.9,0.15,0.0303,1.0393,0.9454
0.7,0.1,0.9,0.25,0.0134,1.0393,1.0661
0.7,0.1,0.9,0.35,0.0658,1.0393,1.0973
0.7,0.1,0.9,0.5,0.3459,1.0393,0.9182
0.7,0.1,0.95,0.05,0.2130,1.0393,0.5663
0.7,0.1,0.95,0.1,0.1159,1.0393,0.7643
0.7,0.1,0.95,0.15,0.0596,1.0393,0.8914
0.7,0.1,0.95,0.25,0.0147,1.0393,1.0536
0.7,0.1,0.95,0.35,0.0694,1.0393,1.0968
0.7,0.1,0.95,0.5,0.4915,1.0393,0.8361
0.7,0.15,0.7,0.25,0.0101,1.0669,1.0931
0.7,0.15,0.7,0.35,0.0336,1.0669,1.0984
0.7,0.15,0.7,0.5,0.0940,1.0669,1.0677
0.7,0.15,0.8,0.05,0.0741,1.0669,0.8724
0.7,0.15,0.8,0.1,0.0273,1.0669,0.9690
0.7,0.15,0.8,0.15,0.0083,1.0669,1.0225
0.7,0.15,0.8,0.25,0.0045,1.0669,1.0838
0.7,0.15,0.8,0.35,0.0365,1.0669,1.0980
0.7,0.15,0.8,0.5,0.1638,1.0669,1.0203
0.7,0.15,0.85,0.05,0.1145,1.0669,0.7962
0.7,0.15,0.85,0.1,0.0520,1.0669,0.9139
0.7,0.15,0.85,0.15,0.0203,1.0669,0.9913
0.7,0.15,0.85,0.25,0.0035,1.0669,1.0766
0.7,0.15,0.85,0.35,0.0387,1.0669,1.0978
0.7,0.15,0.85,0.5,0.2215,1.0669,0.9796
0.7,0.15,0.9,0.05,0.1758,1.0669,0.6930
0.7,0.15,0.9,0.1,0.0892,1.0669,0.8479
0.7,0.15,0.9,0.15,0.0417,1.0669,0.9454
0.7,0.15,0.9,0.25,0.0036,1.0669,1.0661
0.7,0.15,0.9,0.35,0.0408,1.0669,1.0973
0.7,0.15,0.9,0.5,0.3087,1.0669,0.9182
0.7,0.15,0.95,0.05,0.2702,1.0669,0.5663
0.7,0.15,0.95,0.1,0.1480,1.0669,0.7643
0.7,0.15,0.95,0.15,0.0749,1.0669,0.8914
0.7,0.15,0.95,0.25,0.0065,1.0669,1.0536
0.7,0.15,0.95,0.35,0.0438,1.0669,1.0968
0.7,0.15,0.95,0.5,0.4493,1.0669,0.8361
0.7,0.25,0.7,0.35,0.0079,1.0931,1.0984
0.7,0.25,0.7,0.5,0.0536,1.0931,1.0677
0.7,0.25,0.8,0.05,0.1397,1.0931,0.8724
0.7,0.25,0.8,0.1,0.0721,1.0931,0.9690
0.7,0.25,0.8,0.15,0.0359,1.0931,1.0225
0.7,0.25,0.8,0.25,0.0021,1.0931,1.0838
0.7,0.25,0.8,0.35,0.0095,1.0931,1.0980
0.7,0.25,0.8,0.5,0.1130,1.0931,1.0203
0.7,0.25,0.85,0.05,0.1970,1.0931,0.7962
0.7,0.25,0.85,0.1,0.1104,1.0931,0.9139
0.7,0.25,0.85,0.15,0.0574,1.0931,0.9913
0.7,0.25,0.85,0.25,0.0051,1.0931,1.0766
0.7,0.25,0.85,0.35,0.0106,1.0931,1.0978
0.7,0.25,0.85,0.5,0.1635,1.0931,0.9796
0.7,0.25,0.9,0.05,0.2784,1.0931,0.6930
0.7,0.25,0.9,0.1,0.1619,1.0931,0.8479
0.7,0.25,0.9,0.15,0.0900,1.0931,0.9454
0.7,0.25,0.9,0.25,0.0103,1.0931,1.0661
0.7,0.25,0.9,0.35,0.0119,1.0931,1.0973
0.7,0.25,0.9,0.5,0.2416,1.0931,0.9182
0.7,0.25,0.95,0.05,0.3961,1.0931,0.5663
0.7,0.25,0.95,0.1,0.2370,1.0931,0.7643
0.7,0.25,0.95,0.15,0.1349,1.0931,0.8914
0.7,0.25,0.95,0.25,0.0178,1.0931,1.0536
0.7,0.25,0.95,0.35,0.0136,1.0931,1.0968
0.7,0.25,0.95,0.5,0.3692,1.0931,0.8361
0.7,0.35,0.7,0.5,0.0252,1.0984,1.0677
0.7,0.35,0.8,0.05,0.2007,1.0984,0.8724
0.7,0.35,0.8,0.1,0.1229,1.0984,0.9690
0.7,0.35,0.8,0.15,0.0761,1.0984,1.0225
0.7,0.35,0.8,0.25,0.0181,1.0984,1.0838
0.7,0.35,0.8,0.35,0.0001,1.0984,1.0980
0.7,0.35,0.8,0.5,0.0706,1.0984,1.0203
0.7,0.35,0.85,0.05,0.2727,1.0984,0.7962
0.7,0.35,0.85,0.1,0.1741,1.0984,0.9139
0.7,0.35,0.85,0.15,0.1073,1.0984,0.9913
0.7,0.35,0.85,0.25,0.0258,1.0984,1.0766
0.7,0.35,0.85,0.35,0.0002,1.0984,1.0978
0.7,0.35,0.85,0.5,0.1120,1.0984,0.9796
0.7,0.35,0.9,0.05,0.3725,1.0984,0.6930
0.7,0.35,0.9,0.1,0.2402,1.0984,0.8479
0.7,0.35,0.9,0.15,0.1517,1.0984,0.9454
0.7,0.35,0.9,0.25,0.0364,1.0984,1.0661
0.7,0.35,0.9,0.35,0.0004,1.0984,1.0973
0.7,0.35,0.9,0.5,0.1782,1.0984,0.9182
0.7,0.35,0.95,0.05,0.5138,1.0984,0.5663
0.7,0.35,0.95,0.1,0.3331,1.0984,0.7643
0.7,0.35,0.95,0.15,0.2098,1.0984,0.8914
0.7,0.35,0.95,0.25,0.0495,1.0984,1.0536
0.7,0.35,0.95,0.35,0.0008,1.0984,1.0968
0.7,0.35,0.95,0.5,0.2902,1.0984,0.8361
0.7,0.5,0.8,0.05,0.2908,1.0677,0.8724
0.7,0.5,0.8,0.1,0.2094,1.0677,0.9690
0.7,0.5,0.8,0.15,0.1559,1.0677,1.0225
0.7,0.5,0.8,0.25,0.0751,1.0677,1.0838
0.7,0.5,0.8,0.35,0.0223,1.0677,1.0980
0.7,0.5,0.8,0.5,0.0114,1.0677,1.0203
0.7,0.5,0.85,0.05,0.3775,1.0677,0.7962
0.7,0.5,0.85,0.1,0.2747,1.0677,0.9139
0.7,0.5,0.85,0.15,0.1990,1.0677,0.9913
0.7,0.5,0.85,0.25,0.0894,1.0677,1.0766
0.7,0.5,0.85,0.35,0.0210,1.0677,1.0978
0.7,0.5,0.85,0.5,0.0309,1.0677,0.9796
0.7,0.5,0.9,0.05,0.4966,1.0677,0.6930
0.7,0.5,0.9,0.1,0.3582,1.0677,0.8479
0.7,0.5,0.9,0.15,0.2583,1.0677,0.9454
0.7,0.5,0.9,0.25,0.1076,1.0677,1.0661
0.7,0.5,0.9,0.35,0.0196,1.0677,1.0973
0.7,0.5,0.9,0.5,0.0691,1.0677,0.9182
0.7,0.5,0.95,0.05,0.6657,1.0677,0.5663
0.7,0.5,0.95,0.1,0.4745,1.0677,0.7643
0.7,0.5,0.95,0.15,0.3346,1.0677,0.8914
0.7,0.5,0.95,0.25,0.1292,1.0677,1.0536
0.7,0.5,0.95,0.35,0.0184,1.0677,1.0968
0.7,0.5,0.95,0.5,0.1427,1.0677,0.8361
0.8,0.05,0.8,0.1,0.0161,0.8724,0.9690
0.8,0.05,0.8,0.15,0.0447,0.8724,1.0225
0.8,0.05,0.8,0.25,0.1165,0.8724,1.0838
0.8,0.05,0.8,0.35,0.2067,0.8724,1.0980
0.8,0.05,0.8,0.5,0.3832,0.8724,1.0203
0.8,0.05,0.85,0.05,0.0059,0.8724,0.7962
0.8,0.05,0.85,0.1,0.0135,0.8724,0.9139
0.8,0.05,0.85,0.15,0.0372,0.8724,0.9913
0.8,0.05,0.85,0.25,0.1064,0.8724,1.0766
0.8,0.05,0.85,0.35,0.2116,0.8724,1.0978
0.8,0.05,0.85,0.5,0.4565,0.8724,0.9796
0.8,0.05,0.9,0.05,0.0284,0.8724,0.6930
0.8,0.05,0.9,0.1,0.0230,0.8724,0.8479
0.8,0.05,0.9,0.15,0.0363,0.8724,0.9454
0.8,0.05,0.9,0.25,0.0958,0.8724,1.0661
0.8,0.05,0.9,0.35,0.2153,0.8724,1.0973
0.8,0.05,0.9,0.5,0.5640,0.8724,0.9182
0.8,0.05,0.95,0.05,0.0803,0.8724,0.5663
0.8,0.05,0.95,0.1,0.0514,0.8724,0.7643
0.8,0.05,0.95,0.15,0.0474,0.8724,0.8914
0.8,0.05,0.95,0.25,0.0892,0.8724,1.0536
0.8,0.05,0.95,0.35,0.2215,0.8724,1.0968
0.8,0.05,0.95,0.5,0.7346,0.8724,0.8361
0.8,0.1,0.8,0.15,0.0078,0.9690,1.0225
0.8,0.1,0.8,0.25,0.0534,0.9690,1.0838
0.8,0.1,0.8,0.35,0.1282,0.9690,1.0980
0.8,0.1,0.8,0.5,0.2983,0.9690,1.0203
0.8,0.1,0.85,0.05,0.0315,0.9690,0.7962
0.8,0.1,0.85,0.1,0.0044,0.9690,0.9139
0.8,0.1,0.85,0.15,0.0049,0.9690,0.9913
0.8,0.1,0.85,0.25,0.0453,0.9690,1.0766
0.8,0.1,0.85,0.35,0.1323,0.9690,1.0978
0.8,0.1,0.85,0.5,0.3687,0.9690,0.9796
0.8,0.1,0.9,0.05,0.0638,0.9690,0.6930
0.8,0.1,0.9,0.1,0.0199,0.9690,0.8479
0.8,0.1,0.9,0.15,0.0089,0.9690,0.9454
0.8,0.1,0.9,0.25,0.0371,0.9690,1.0661
0.8,0.1,0.9,0.35,0.1358,0.9690,1.0973
0.8,0.1,0.9,0.5,0.4726,0.9690,0.9182
0.8,0.1,0.95,0.05,0.1243,0.9690,0.5663
0.8,0.1,0.95,0.1,0.0540,0.9690,0.7643
0.8,0.1,0.95,0.15,0.0239,0.9690,0.8914
0.8,0.1,0.95,0.25,0.0321,0.9690,1.0536
0.8,0.1,0.95,0.35,0.1411,0.9690,1.0968
0.8,0.1,0.95,0.5,0.6365,0.9690,0.8361
0.8,0.15,0.8,0.25,0.0220,1.0225,1.0838
0.8,0.15,0.8,0.35,0.0805,1.0225,1.0980
0.8,0.15,0.8,0.5,0.2394,1.0225,1.0203
0.8,0.15,0.85,0.05,0.0710,1.0225,0.7962
0.8,0.15,0.85,0.1,0.0204,1.0225,0.9139
0.8,0.15,0.85,0.15,0.0027,1.0225,0.9913
0.8,0.15,0.85,0.25,0.0163,1.0225,1.0766
0.8,0.15,0.85,0.35,0.0838,1.0225,1.0978
0.8,0.15,0.85,0.5,0.3060,1.0225,0.9796
0.8,0.15,0.9,0.05,0.1151,1.0225,0.6930
0.8,0.15,0.9,0.1,0.0438,1.0225,0.8479
0.8,0.15,0.9,0.15,0.0128,1.0225,0.9454
0.8,0.15,0.9,0.25,0.0112,1.0225,1.0661
0.8,0.15,0.9,0.35,0.0869,1.0225,1.0973
0.8,0.15,0.9,0.5,0.4049,1.0225,0.9182
0.8,0.15,0.95,0.05,0.1877,1.0225,0.5663
0.8,0.15,0.95,0.1,0.0860,1.0225,0.7643
0.8,0.15,0.95,0.15,0.0336,1.0225,0.8914
0.8,0.15,0.95,0.25,0.0086,1.0225,1.0536
0.8,0.15,0.95,0.35,0.0914,1.0225,1.0968
0.8,0.15,0.95,0.5,0.5615,1.0225,0.8361
0.8,0.25,0.8,0.35,0.0204,1.0838,1.0980
0.8,0.25,0.8,0.5,0.1423,1.0838,1.0203
0.8,0.25,0.85,0.05,0.1669,1.0838,0.7962
0.8,0.25,0.85,0.1,0.0856,1.0838,0.9139
0.8,0.25,0.85,0.15,0.0388,1.0838,0.9913
0.8,0.25,0.85,0.25,0.0007,1.0838,1.0766
0.8,0.25,0.85,0.35,0.0221,1.0838,1.0978
0.8,0.25,0.85,0.5,0.1979,1.0838,0.9796
0.8,0.25,0.9,0.05,0.2396,1.0838,0.6930
0.8,0.25,0.9,0.1,0.1299,1.0838,0.8479
0.8,0.25,0.9,0.15,0.0655,1.0838,0.9454
0.8,0.25,0.9,0.25,0.0031,1.0838,1.0661
0.8,0.25,0.9,0.35,0.0239,1.0838,1.0973
0.8,0.25,0.9,0.5,0.2825,1.0838,0.9182
0.8,0.25,0.95,0.05,0.3460,1.0838,0.5663
0.8,0.25,0.95,0.1,0.1962,1.0838,0.7643
0.8,0.25,0.95,0.15,0.1037,1.0838,0.8914
0.8,0.25,0.95,0.25,0.0078,1.0838,1.0536
0.8,0.25,0.95,0.35,0.0263,1.0838,1.0968
0.8,0.25,0.95,0.5,0.4191,1.0838,0.8361
0.8,0.35,0.8,0.5,0.0655,1.0980,1.0203
0.8,0.35,0.85,0.05,0.2800,1.0980,0.7962
0.8,0.35,0.85,0.1,0.1805,1.0980,0.9139
0.8,0.35,0.85,0.15,0.1126,1.0980,0.9913
0.8,0.35,0.85,0.25,0.0286,1.0980,1.0766
0.8,0.35,0.85,0.35,0.0000,1.0980,1.0978
0.8,0.35,0.85,0.5,0.1056,1.0980,0.9796
0.8,0.35,0.9,0.05,0.3814,1.0980,0.6930
0.8,0.35,0.9,0.1,0.2479,1.0980,0.8479
0.8,0.35,0.9,0.15,0.1582,1.0980,0.9454
0.8,0.35,0.9,0.25,0.0398,1.0980,1.0661
0.8,0.35,0.9,0.35,0.0001,1.0980,1.0973
0.8,0.35,0.9,0.5,0.1701,1.0980,0.9182
0.8,0.35,0.95,0.05,0.5247,1.0980,0.5663
0.8,0.35,0.95,0.1,0.3425,1.0980,0.7643
0.8,0.35,0.95,0.15,0.2176,1.0980,0.8914
0.8,0.35,0.95,0.25,0.0535,1.0980,1.0536
0.8,0.35,0.95,0.35,0.0004,1.0980,1.0968
0.8,0.35,0.95,0.5,0.2796,1.0980,0.8361
0.8,0.5,0.85,0.05,0.4806,1.0203,0.7962
0.8,0.5,0.85,0.1,0.3735,1.0203,0.9139
0.8,0.5,0.85,0.15,0.2909,1.0203,0.9913
0.8,0.5,0.85,0.25,0.1610,1.0203,1.0766
0.8,0.5,0.85,0.35,0.0635,1.0203,1.0978
0.8,0.5,0.85,0.5,0.0047,1.0203,0.9796
0.8,0.5,0.9,0.05,0.6136,1.0203,0.6930
0.8,0.5,0.9,0.1,0.4694,1.0203,0.8479
0.8,0.5,0.9,0.15,0.3607,1.0203,0.9454
0.8,0.5,0.9,0.25,0.1846,1.0203,1.0661
0.8,0.5,0.9,0.35,0.0610,1.0203,1.0973
0.8,0.5,0.9,0.5,0.0242,1.0203,0.9182
0.8,0.5,0.95,0.05,0.8023,1.0203,0.5663
0.8,0.5,0.95,0.1,0.6017,1.0203,0.7643
0.8,0.5,0.95,0.15,0.4493,1.0203,0.8914
0.8,0.5,0.95,0.25,0.2119,1.0203,1.0536
0.8,0.5,0.95,0.35,0.0585,1.0203,1.0968
0.8,0.5,0.95,0.5,0.0725,1.0203,0.8361
0.85,0.05,0.85,0.1,0.0189,0.7962,0.9139
0.85,0.05,0.85,0.15,0.0558,0.7962,0.9913
0.85,0.05,0.85,0.25,0.1530,0.7962,1.0766
0.85,0.05,0.85,0.35,0.2858,0.7962,1.0978
0.85,0.05,0.85,0.5,0.5609,0.7962,0.9796
0.85,0.05,0.9,0.05,0.0085,0.7962,0.6930
0.85,0.05,0.9,0.1,0.0173,0.7962,0.8479
0.85,0.05,0.9,0.15,0.0460,0.7962,0.9454
0.85,0.05,0.9,0.25,0.1380,0.7962,1.0661
0.85,0.05,0.9,0.35,0.2904,0.7962,1.0973
0.85,0.05,0.9,0.5,0.6777,0.7962,0.9182
0.85,0.05,0.95,0.05,0.0432,0.7962,0.5663
0.85,0.05,0.95,0.1,0.0328,0.7962,0.7643
0.85,0.05,0.95,0.15,0.0474,0.7962,0.8914
0.85,0.05,0.95,0.25,0.1271,0.7962,1.0536
0.85,0.05,0.95,0.35,0.2978,0.7962,1.0968
0.85,0.05,0.95,0.5,0.8607,0.7962,0.8361
0.85,0.1,0.85,0.15,0.0106,0.9139,0.9913
0.85,0.1,0.85,0.25,0.0739,0.9139,1.0766
0.85,0.1,0.85,0.35,0.1853,0.9139,1.0978
0.85,0.1,0.85,0.5,0.4505,0.9139,0.9796
0.85,0.1,0.9,0.05,0.0389,0.9139,0.6930
0.85,0.1,0.9,0.1,0.0057,0.9139,0.8479
0.85,0.1,0.9,0.15,0.0065,0.9139,0.9454
0.85,0.1,0.9,0.25,0.0619,0.9139,1.0661
0.85,0.1,0.9,0.35,0.1897,0.9139,1.0973
0.85,0.1,0.9,0.5,0.5629,0.9139,0.9182
0.85,0.1,0.95,0.05,0.0839,0.9139,0.5663
0.85,0.1,0.95,0.1,0.0278,0.9139,0.7643
0.85,0.1,0.95,0.15,0.0127,0.9139,0.8914
0.85,0.1,0.95,0.25,0.0529,0.9139,1.0536
0.85,0.1,0.95,0.35,0.1961,0.9139,1.0968
0.85,0.1,0.95,0.5,0.7383,0.9139,0.8361
0.85,0.15,0.85,0.25,0.0303,0.9913,1.0766
0.85,0.15,0.85,0.35,0.1164,0.9913,1.0978
0.85,0.15,0.85,0.5,0.3629,0.9913,0.9796
0.85,0.15,0.9,0.05,0.0902,0.9913,0.6930
0.85,0.15,0.9,0.1,0.0263,0.9913,0.8479
0.85,0.15,0.9,0.15,0.0038,0.9913,0.9454
0.85,0.15,0.9,0.25,0.0221,0.9913,1.0661
0.85,0.15,0.9,0.35,0.1202,0.9913,1.0973
0.85,0.15,0.9,0.5,0.4690,0.9913,0.9182
0.85,0.15,0.95,0.05,0.1505,0.9913,0.5663
0.85,0.15,0.95,0.1,0.0590,0.9913,0.7643
0.85,0.15,0.95,0.15,0.0174,0.9913,0.8914
0.85,0.15,0.95,0.25,0.0163,0.9913,1.0536
0.85,0.15,0.95,0.35,0.1254,0.9913,1.0968
0.85,0.15,0.95,0.5,0.6350,0.9913,0.8361
0.85,0.25,0.85,0.35,0.0306,1.0766,1.0978
0.85,0.25,0.85,0.5,0.2196,1.0766,0.9796
0.85,0.25,0.9,0.05,0.2208,1.0766,0.6930
0.85,0.25,0.9,0.1,0.1143,1.0766,0.8479
0.85,0.25,0.9,0.15,0.0538,1.0766,0.9454
0.85,0.25,0.9,0.25,0.0009,1.0766,1.0661
0.85,0.25,0.9,0.35,0.0328,1.0766,1.0973
0.85,0.25,0.9,0.5,0.3080,1.0766,0.9182
0.85,0.25,0.95,0.05,0.3207,1.0766,0.5663
0.85,0.25,0.95,0.1,0.1754,1.0766,0.7643
0.85,0.25,0.95,0.15,0.0882,1.0766,0.8914
0.85,0.25,0.95,0.25,0.0038,1.0766,1.0536
0.85,0.25,0.95,0.35,0.0354,1.0766,1.0968
0.85,0.25,0.95,0.5,0.4497,1.0766,0.8361
0.85,0.35,0.85,0.5,0.1031,1.0978,0.9796
0.85,0.35,0.9,0.05,0.3882,1.0978,0.6930
0.85,0.35,0.9,0.1,0.2535,1.0978,0.8479
0.85,0.35,0.9,0.15,0.1627,1.0978,0.9454
0.85,0.35,0.9,0.25,0.0421,1.0978,1.0661
0.85,0.35,0.9,0.35,0.0000,1.0978,1.0973
0.85,0.35,0.9,0.5,0.1670,1.0978,0.9182
0.85,0.35,0.95,0.05,0.5327,1.0978,0.5663
0.85,0.35,0.95,0.1,0.3490,1.0978,0.7643
0.85,0.35,0.95,0.15,0.2229,1.0978,0.8914
0.85,0.35,0.95,0.25,0.0562,1.0978,1.0536
0.85,0.35,0.95,0.35,0.0002,1.0978,1.0968
0.85,0.35,0.95,0.5,0.2757,1.0978,0.8361
0.85,0.5,0.9,0.05,0.7031,0.9796,0.6930
0.85,0.5,0.9,0.1,0.5544,0.9796,0.8479
0.85,0.5,0.9,0.15,0.4395,0.9796,0.9454
0.85,0.5,0.9,0.25,0.2466,0.9796,1.0661
0.85,0.5,0.9,0.35,0.0999,0.9796,1.0973
0.85,0.5,0.9,0.5,0.0075,0.9796,0.9182
0.85,0.5,0.95,0.05,0.9043,0.9796,0.5663
0.85,0.5,0.95,0.1,0.6970,0.9796,0.7643
0.85,0.5,0.95,0.15,0.5360,0.9796,0.8914
0.85,0.5,0.95,0.25,0.2776,0.9796,1.0536
0.85,0.5,0.95,0.35,0.0967,0.9796,1.0968
0.85,0.5,0.95,0.5,0.0397,0.9796,0.8361
0.9,0.05,0.9,0.1,0.0236,0.6930,0.8479
0.9,0.05,0.9,0.15,0.0691,0.6930,0.9454
0.9,0.05,0.9,0.25,0.2003,0.6930,1.0661
0.9,0.05,0.9,0.35,0.3940,0.6930,1.0973
0.9,0.05,0.9,0.5,0.8318,0.6930,0.9182
0.9,0.05,0.95,0.05,0.0135,0.6930,0.5663
0.9,0.05,0.95,0.1,0.0226,0.6930,0.7643
0.9,0.05,0.95,0.15,0.0583,0.6930,0.8914
0.9,0.05,0.95,0.25,0.1837,0.6930,1.0536
0.9,0.05,0.95,0.35,0.4029,0.6930,1.0968
0.9,0.05,0.95,0.5,1.0306,0.6930,0.8361
0.9,0.1,0.9,0.15,0.0129,0.8479,0.9454
0.9,0.1,0.9,0.25,0.0977,0.8479,1.0661
0.9,0.1,0.9,0.35,0.2589,0.8479,1.0973
0.9,0.1,0.9,0.5,0.6772,0.8479,0.9182
0.9,0.1,0.95,0.05,0.0509,0.8479,0.5663
0.9,0.1,0.95,0.1,0.0084,0.8479,0.7643
0.9,0.1,0.95,0.15,0.0085,0.8479,0.8914
0.9,0.1,0.95,0.25,0.0840,0.8479,1.0536
0.9,0.1,0.95,0.35,0.2665,0.8479,1.0968
0.9,0.1,0.95,0.5,0.8664,0.8479,0.8361
0.9,0.15,0.9,0.25,0.0419,0.9454,1.0661
0.9,0.15,0.9,0.35,0.1673,0.9454,1.0973
0.9,0.15,0.9,0.5,0.5543,0.9454,0.9182
0.9,0.15,0.95,0.05,0.1147,0.9454,0.5663
0.9,0.15,0.95,0.1,0.0342,0.9454,0.7643
0.9,0.15,0.95,0.15,0.0050,0.9454,0.8914
0.9,0.15,0.95,0.25,0.0321,0.9454,1.0536
0.9,0.15,0.95,0.35,0.1734,0.9454,1.0968
0.9,0.15,0.95,0.5,0.7321,0.9454,0.8361
0.9,0.25,0.9,0.35,0.0447,1.0661,1.0973
0.9,0.25,0.9,0.5,0.3395,1.0661,0.9182
0.9,0.25,0.95,0.05,0.2931,1.0661,0.5663
0.9,0.25,0.95,0.1,0.1534,1.0661,0.7643
0.9,0.25,0.95,0.15,0.0721,1.0661,0.8914
0.9,0.25,0.95,0.25,0.0010,1.0661,1.0536
0.9,0.25,0.95,0.35,0.0478,1.0661,1.0968
0.9,0.25,0.95,0.5,0.4872,1.0661,0.8361
0.9,0.35,0.9,0.5,0.1628,1.0973,0.9182
0.9,0.35,0.95,0.05,0.5401,1.0973,0.5663
0.9,0.35,0.95,0.1,0.3558,1.0973,0.7643
0.9,0.35,0.95,0.15,0.2286,1.0973,0.8914
0.9,0.35,0.95,0.25,0.0591,1.0973,1.0536
0.9,0.35,0.95,0.35,0.0001,1.0973,1.0968
0.9,0.35,0.95,0.5,0.2703,1.0973,0.8361
0.9,0.5,0.95,0.05,1.0492,0.9182,0.5663
0.9,0.5,0.95,0.1,0.8330,0.9182,0.7643
0.9,0.5,0.95,0.15,0.6609,0.9182,0.8914
0.9,0.5,0.95,0.25,0.3753,0.9182,1.0536
0.9,0.5,0.95,0.35,0.1586,0.9182,1.0968
0.9,0.5,0.95,0.5,0.0123,0.9182,0.8361
0.95,0.05,0.95,0.1,0.0286,0.5663,0.7643
0.95,0.05,0.95,0.15,0.0876,0.5663,0.8914
0.95,0.05,0.95,0.25,0.2690,0.5663,1.0536
0.95,0.05,0.95,0.35,0.5510,0.5663,1.0968
0.95,0.05,0.95,0.5,1.2684,0.5663,0.8361
0.95,0.1,0.95,0.15,0.0169,0.7643,0.8914
0.95,0.1,0.95,0.25,0.1336,0.7643,1.0536
0.95,0.1,0.95,0.35,0.3647,0.7643,1.0968
0.95,0.1,0.95,0.5,1.0387,0.7643,0.8361
0.95,0.15,0.95,0.25,0.0577,0.8914,1.0536
0.95,0.15,0.95,0.35,0.2356,0.8914,1.0968
0.95,0.15,0.95,0.5,0.8513,0.8914,0.8361
0.95,0.25,0.95,0.35,0.0627,1.0536,1.0968
0.95,0.25,0.95,0.5,0.5293,1.0536,0.8361
0.95,0.35,0.95,0.5,0.2648,1.0968,0.8361
